{
  "human": [
    1,
    0,
    1,
    0,
    0,
    0,
    1,
    0,
    0,
    1,
    1,
    0
  ],
  "judge": [
    1,
    0,
    1,
    0,
    1,
    0,
    1,
    0,
    1,
    0,
    0,
    0
  ],
  "agreement": 0.6666666666666666,
  "kappa": 0.3142857142857143
}